{
  "title": "LLM-to-Plotter Session Report",
  "description": "Complete analysis of 'draw a circle' drawing generated by openai and executed on plotter",
  "timestamp": 1765470135.8023732,
  "generated_at": "2025-12-11 17:22:16",
  "program_info": {
    "total_commands": 20,
    "command_types": {
      "G0": 1,
      "M3": 1,
      "G1": 17,
      "M5": 1
    }
  },
  "execution_stats": {
    "start_time": 1765470124.84549,
    "total_commands": 20,
    "successful_commands": 19,
    "failed_commands": 1,
    "total_distance": 102.68848916787184,
    "drawing_distance": 0.0,
    "movement_distance": 102.68848916787184,
    "pen_up_count": 1,
    "pen_down_count": 0,
    "end_time": 1765470135.79465,
    "total_time": 10.949160099029541,
    "efficiency": 95.0,
    "average_command_time": 0.5762715841594496
  },
  "progress_summary": {
    "total_snapshots": 6,
    "start_time": 1765470131.863874,
    "end_time": 1765470135.794661,
    "final_percentage": 90.4761904761905,
    "phases": [
      "completed",
      "moving"
    ]
  },
  "visualizer_data": {
    "lines": [],
    "statistics": {
      "start_time": 1765470124.84549,
      "total_commands": 20,
      "successful_commands": 19,
      "failed_commands": 1,
      "total_distance": 102.68848916787184,
      "drawing_distance": 0.0,
      "movement_distance": 102.68848916787184,
      "pen_up_count": 1,
      "pen_down_count": 0,
      "end_time": 1765470135.79465,
      "total_time": 10.949160099029541,
      "efficiency": 95.0,
      "average_command_time": 0.5762715841594496
    },
    "drawing_area": [
      100.0,
      100.0
    ]
  }
}